,w,k,init_alpha,alpha,iters,final_dtv
0,6,2000,0.3,no,20,0.018800266178253502
1,6,2000,0.3,no,20,0.021714615333128524
2,6,2000,0.3,no,20,0.02102611080780034
3,6,2000,0.3,no,20,0.028271875057219564
4,6,2000,0.3,no,20,0.038158842835625054
5,6,2000,0.3,no,20,0.026645929348374613
6,6,2000,0.3,no,20,0.03141655844681249
7,6,2000,0.3,no,20,0.02602985086811657
8,6,2000,0.3,no,20,0.02803903367218531
