,w,k,init_alpha,alpha,iters,final_dtv
0,4,300,0.3,0.3996679317675899,50,0.08973037277789525
1,4,300,0.3,0.5779033043941229,50,0.10451279445116787
2,4,300,0.3,0.2509935860656148,50,0.07539475746856081
3,4,300,0.3,0.7173684784357104,50,0.28165898135927125
4,4,300,0.3,0.7138497806196411,50,0.14264735681432633
5,4,300,0.3,0.2903815980015799,50,0.05336022963580247
6,4,300,0.3,0.3253392306403482,50,0.048477872291300274
7,4,300,0.3,0.40082222894537534,50,0.06757217208377919
8,4,300,0.3,0.45155352565380924,50,0.12040740829831839
