,w,k,init_alpha,alpha,iters,final_dtv
0,6,2000,0.6,0.6108571922918329,40,0.01665247870794861
1,6,2000,0.6,0.6553869419241657,40,0.023512050628911114
2,6,2000,0.6,0.606193860679783,40,0.01843261848703975
3,6,2000,0.6,0.5970752020498462,40,0.02084099337147761
4,6,2000,0.6,0.5277522692983971,40,0.02242656649113554
5,6,2000,0.6,0.6009979376453544,40,0.019874334511927487
6,6,2000,0.6,0.5837650487738637,40,0.02085851657228057
7,6,2000,0.6,0.6130165720085392,40,0.01595690160714356
8,6,2000,0.6,0.6231146194779721,40,0.022689448733478865
