,w,k,init_alpha,alpha,iters,final_dtv
0,6,2000,0.6,0.6108576570810218,40,0.01665249084054516
1,6,2000,0.6,0.6027200138751848,40,0.024618988844639013
2,6,2000,0.6,0.5775772200784464,40,0.025144050085794924
3,6,2000,0.6,0.5897789558889664,40,0.01938082288205559
4,6,2000,0.6,0.5950972035744221,40,0.02014370327980264
5,6,2000,0.6,0.5577771310792562,40,0.018504913000192646
6,6,2000,0.6,0.61315225943327,40,0.011412669429943834
7,6,2000,0.6,0.6460747644294109,40,0.017457367740801026
8,6,2000,0.6,0.6225997368539351,40,0.022854165411917978
