,w,k,init_alpha,alpha,iters,final_dtv
0,6,2000,0.6,0.6542820228427638,40,0.02343306551577739
1,6,2000,0.6,0.6059002792400003,40,0.018417104470265764
2,6,2000,0.6,0.5970573006190891,40,0.02084067858452254
3,6,2000,0.6,0.5275603703690679,40,0.02245491832971419
4,6,2000,0.6,0.6009964118289558,40,0.019874218060042893
5,6,2000,0.6,0.5837910457522659,40,0.02085956304763375
6,6,2000,0.6,0.6128727725436053,40,0.015959817163359653
7,6,2000,0.6,0.6235240690206045,40,0.02268757481617729
8,6,2000,0.6,0.5636047990345525,40,0.022518304306801153
