,w,k,init_alpha,alpha,iters,final_dtv
0,100,100,0.2,no,100,0.21877029085200586
1,100,100,0.2,no,100,0.2691552537600411
2,100,100,0.2,no,100,0.30405505080526357
3,100,100,0.2,no,100,0.27879178139844
4,100,100,0.2,no,100,0.310854501559802
5,100,100,0.2,no,100,0.4609263847978603
6,100,100,0.2,no,100,0.1393625088977675
7,100,100,0.2,no,100,0.21616175906194887
8,100,100,0.2,no,100,0.20277412146015256
9,100,100,0.2,no,100,0.25448656794688396
