,w,k,init_alpha,alpha,iters,final_dtv
0,100,100,0.2,no,100,0.13930308607269148
1,100,100,0.2,no,100,0.1390548949069541
2,100,100,0.2,no,100,0.13964891502198937
3,100,100,0.2,no,100,0.16979515484625146
4,100,100,0.2,no,100,0.15186918639343833
5,100,100,0.2,no,100,0.13109692490651192
6,100,100,0.2,no,100,0.17499093814905683
7,100,100,0.2,no,100,0.1468432668827823
8,100,100,0.2,no,100,0.1637254649463934
9,100,100,0.2,no,100,0.13435637116849145
