,w,k,init_alpha,alpha,iters,final_dtv
0,4,300,0.6,no,30,0.04304011083462833
1,4,300,0.6,no,30,0.1116770348956205
2,4,300,0.6,no,30,0.058258610858364604
3,4,300,0.6,no,30,0.06661904638704166
4,4,300,0.6,no,30,0.07474858134653609
5,4,300,0.6,no,30,0.05605425752327122
6,4,300,0.6,no,30,0.06381316341965249
7,4,300,0.6,no,30,0.05444615071764908
8,4,300,0.6,no,30,0.06342317686284507
