{"alpha": 0.5, "Theta": [
  [0.8564553978711125, 0.502378174987386, 0.310227013620265, 0.006051505562923148],
  [0.060196132951126455, 0.24544203335120562, 0.3415854659728547, 0.04537921617969391],
  [0.08333222520413734, 0.016208024215741718, 0.33853118017754724, 0.6920452577354332],
  [1.6243973623662443e-05, 0.2359717674456668, 0.009656340229333019, 0.2565240205219497]],
  "ThetaB": [0.21978278588387606, 0.3061285583586953, 0.17701026927396749, 0.2970783864834613]}