{"alpha": 0.8028799069354258, "Theta": [[0.1764576107413025, 0.2313563688107956, 0.3490169892115366, 0.07338849498924255, 0.07380134749416879, 0.4148943084425287, 0.17772196675551857, 0.12182878919757827, 0.20948939796759183, 0.3238564752556047, 0.4680455221675178, 0.25685893186272346, 0.37748014167611016, 0.21432400687613576, 0.13627527293301625, 0.32038003256539394, 0.222957141144501, 0.3296053640279846, 0.36654037384097127, 0.09238512709901774, 0.07221508820438564, 0.3032172526347135, 0.02872705707347207, 0.14720728539696276, 0.40903445516465275, 0.5102447358841331, 0.039186449870988384, 0.2277486917280224, 0.25632425170266016, 0.24540698589711224], [0.08655019443711207, 0.024901074977037727, 0.10113931514724503, 0.1558204250381128, 0.17779729766953406, 0.2743079286289908, 0.15323959042239466, 0.7149353779694908, 0.3606462545765319, 0.39046557591996106, 0.30331670454437104, 0.27654110986019376, 0.3356231996685253, 0.1381311914225822, 0.22226015116754086, 0.03239701341634136, 0.03137171023108231, 0.2220571766733986, 0.047521134586306614, 0.29194196592501537, 0.3585543703458401, 0.34834236727562784, 0.6023660585107328, 0.18753505912120327, 0.36550042853362497, 0.1549770354064558, 0.06661055977933421, 0.1989415794894574, 0.3735834456359309, 0.4394086243474159], [0.20153089668465424, 0.5996618309295749, 0.4294804714617261, 0.48240408532528645, 0.40306611071839277, 0.2660460532902654, 0.30890429613206705, 0.014092099755824263, 0.2251565581660454, 0.16161335595624232, 0.05565436456306081, 0.1928373996421376, 0.16215557218015103, 0.2567029309550769, 0.34209754994224834, 0.336771082561831, 0.0631663216158955, 0.06207055055532879, 0.4260783103641205, 0.19455712724561164, 0.2902239267291628, 0.1369840871358057, 0.32243532698728083, 0.4088913106042811, 0.07552445065861549, 0.09908823496950663, 0.21363685390785755, 0.11162425299331777, 0.28587992254088307, 0.21269851210720198], [0.5354612981369313, 0.1440807252825919, 0.12036322417949227, 0.2883869946473581, 0.34533524411790456, 0.044751709638215294, 0.3601341466900198, 0.14914373307710677, 0.2047077892898311, 0.12406459286819191, 0.17298340872505044, 0.27376255863494525, 0.1247410864752136, 0.3908418707462051, 0.29936702595719467, 0.3104518714564337, 0.682504827008521, 0.3862669087432881, 0.15986018120860154, 0.42111577973035524, 0.2790066147206116, 0.21145629295385307, 0.0464715574285143, 0.2563663448775529, 0.14994066564310682, 0.23568999373990418, 0.6805661364418198, 0.4616854757892025, 0.08421238012052594, 0.10248587764826995]], "ThetaB": [0.2669359406499973, 0.26534680685130774, 0.229307154382611, 0.23841009811608366]}