{"w": 30,
  "alpha": 0.8,
  "k": 10,
  "Theta": [[0.17835232000310333, 0.275555163104171, 0.33338487400229316, 0.0885527089360449, 0.10620131575927265, 0.4216883947365188, 0.13676927655535664, 0.09475426893110767, 0.18502588462934888, 0.37822521706348594, 0.3406556405123675, 0.16659522456628512, 0.37143491437358594, 0.183413462880909, 0.18000911467860087, 0.31936762975546557, 0.18818545265057743, 0.34622233307718525, 0.40171389789952616, 0.07189698475010758, 0.07222348696768512, 0.3446194619734013, 0.039752231863229716, 0.11069956463540005, 0.35660083959522204, 0.48163378764715886, 0.038080481534211334, 0.25007370005593665, 0.2541774531739339, 0.27078394349511453],
    [0.07875839800688389, 0.04210971912224043, 0.12369068716373346, 0.13752650960754806, 0.1694492243927702, 0.277177311181218, 0.1826775815224458, 0.6309881140119994, 0.39095809372962975, 0.3931894755584182, 0.3544229994032531, 0.34663293880460055, 0.4072787218163229, 0.19798304740144312, 0.1711920838562215, 0.0428104937919785, 0.010160586537995344, 0.19732556818267788, 0.03387976348264448, 0.3950734006379261, 0.3780225473176643, 0.272476002112216, 0.5824472925279763, 0.13916470750799742, 0.3534387178094628, 0.1737860776306936, 0.056978935159038804, 0.18364130389564964, 0.36060779427247786, 0.30610965798196205],
    [0.2875087749629342, 0.5572051115542407, 0.32979990433370887, 0.4195848932953114, 0.36935859424822276, 0.28260508652191, 0.3570076951172467, 0.015726991561295013, 0.2375650461006603, 0.1169443137010005, 0.1387891324633384, 0.1813919277745051, 0.16882850296582216, 0.24559889390808476, 0.30335115835765547, 0.29950739199802007, 0.10531580498573125, 0.07231786284864444, 0.4035477825602922, 0.18721331322670307, 0.26254333350746445, 0.1349340698292825, 0.3156337852295228, 0.4428046492374019, 0.13110501451077547, 0.06365770245365156, 0.13139706643975863, 0.11327631465050181, 0.337968073354869, 0.338707799335489],
    [0.4553805070270785, 0.12513000621934783, 0.2131245345002645, 0.3543358881610957, 0.3549908655997344, 0.018529207560353235, 0.3235454468049508, 0.2585306254955978, 0.18645097554036114, 0.11164099367709537, 0.16613222762104088, 0.30537990885460936, 0.0524578608442689, 0.373004595809563, 0.34544764310752213, 0.3383144844545358, 0.696338155825696, 0.3841342358914923, 0.16085855605753713, 0.3458163013852631, 0.28721063220718607, 0.2479704660851001, 0.06216669037927114, 0.3073310786192006, 0.15885542808453956, 0.28092243226849595, 0.7735435168669912, 0.45300868139791195, 0.04724667919871922, 0.08439859918743448]],
  "ThetaB": [0.25, 0.25, 0.25, 0.25]}