{"alpha": 0.374609298327484, "Theta": [[0.4, 0.1, 0.1], [0.1, 0.4, 0.5], [0.1, 0.3, 0.0], [0.4, 0.2, 0.4]], "ThetaB": [0.19999999999999998, 0.3333333333333333, 0.13333333333333333, 0.3333333333333333]}